{"cameraMode":{"drawMode":0,"name":"Shaded","section":"Shading Mode"},"sceneLighting":true,"audioPlay":false,"sceneViewState":{"m_AlwaysRefresh":false,"showFog":true,"showSkybox":true,"showFlares":true,"showImageEffects":true,"showParticleSystems":true,"showVisualEffectGraphs":true,"m_FxEnabled":true},"in2DMode":false,"pivot":{"x":17.022262573242189,"y":-3.873344659805298,"z":3.3859949111938478},"rotation":{"x":0.586422860622406,"y":0.06253936141729355,"z":-0.045486558228731158,"w":0.8063030242919922},"size":12.12435531616211,"orthographic":false}