{"cameraMode":{"drawMode":0,"name":"Shaded","section":"Shading Mode"},"sceneLighting":false,"audioPlay":false,"sceneViewState":{"m_AlwaysRefresh":false,"showFog":true,"showSkybox":false,"showFlares":true,"showImageEffects":true,"showParticleSystems":true,"showVisualEffectGraphs":true,"m_FxEnabled":true},"in2DMode":false,"pivot":{"x":5.51642415302922e-7,"y":0.0000013070821296423674,"z":0.000004569415978039615},"rotation":{"x":0.5727625489234924,"y":0.06817649304866791,"z":-0.047885045409202579,"w":0.8154760003089905},"size":1.5000174045562745,"orthographic":false}